metric,value
test_loss,0.37966474680665957
test_accuracy,0.8596666666666667
