metric,value
test_loss,0.42498881934567334
test_accuracy,0.8503333333333334
