metric,value
test_loss,0.22020230860637618
test_accuracy,0.9256666666666666
